T1,Wu Liguang（吴立广）,大气与海洋科学系
T2,谭言科,大气与海洋科学系
T3,吴志伟,大气与海洋科学系
T4,成天涛,大气与海洋科学系
T5,赵德峰,大气与海洋科学系
T6,张义军,大气与海洋科学系
T7,曹洋,生命科学学院
T8,梅其春,生命科学学院
T9,尹隽,生命科学学院
T10,苏伟,生命科学学院
T11,印春华,生命科学学院
T12,公晓红,生命科学学院
T13,梅岩艾,生命科学学院
T14,徐颖,生命科学学院
T15,于玉国,生命科学学院
T16,吕红,生命科学学院
T17,余垚,生命科学学院
T18,林娟,生命科学学院
T19,杨雪艳,生命科学学院
T20,胡薇,生命科学学院
T21,陈金中,生命科学学院
T22,全哲学,生命科学学院
T23,顾少华,生命科学学院
T24,江松敏,生命科学学院
T25,丁澦,生命科学学院
T26,杨继,生命科学学院
T27,张雪莲,生命科学学院
T28,钟江,生命科学学院
T29,赵斌,生命科学学院
T30,谭婧泽,生命科学学院
T31,李辉,生命科学学院
T32,蔡亮,生命科学学院
T33,季朝能,生命科学学院
T34,南蓬,生命科学学院
T35,姚纪花,生命科学学院
T36,卢大儒,生命科学学院
T37,张鹭,生命科学学院
T38,常芳,生命科学学院
T39,陈红岩,生命科学学院
T40,杨鲜梅,生命科学学院
T41,王玉国,生命科学学院
T42,傅萃长,生命科学学院
T43,吴纪华,生命科学学院
T44,王维荣,生命科学学院
T45,俞瑜,生命科学学院
T46,杨青,生命科学学院
T47,刘明秋,生命科学学院
T48,丁晓明,生命科学学院
T49,王英明,生命科学学院
T50,吴燕华,生命科学学院
T51,皮妍,生命科学学院
T52,罗泽伟,生命科学学院
T53,朱乃硕,生命科学学院
T54,葛晓春,生命科学学院
T55,倪挺,生命科学学院
T56,俞洪波,生命科学学院
T57,朱焕章,生命科学学院
T58,刘建平,生命科学学院
T59,黄强,生命科学学院
T60,吴晓晖,生命科学学院
T61,曹立环,生命科学学院
T62,马志军,生命科学学院
T63,孙璘,生命科学学院
T64,黄燕,生命科学学院
T65,李士林,生命科学学院
T66,王恒彬,生命科学学院
T67,李琳,生命科学学院
T68,余文博,生命科学学院
T69,汪海健,生命科学学院
T70,周淑荣,生命科学学院
T71,田卫东,生命科学学院
T72,胡跃清,生命科学学院
T73,姜宁,生命科学学院
T74,李霖锋,生命科学学院
T75,张文驹,生命科学学院
T76,潘晓云,生命科学学院
T77,方长明,生命科学学院
T78,殷明波,生命科学学院
T79,薛磊,生命科学学院
T80,缑金营,生命科学学院
T81,郑丙莲,生命科学学院
T82,Yin YAO(姚音),生命科学学院
T83,程晓维,化学系
T84,王鸿飞,化学系
T85,张倩,药学院
T86,华伟明,化学系
T87,姚萍,化学系
T88,岳斌,化学系
T89,张亚红,化学系
T90,王丛笑,化学系
T91,郑耿锋,化学系
T92,赵东元,化学系
T93,侯秀峰,化学系
T94,沈建中,化学系
T95,周伟,化学系
T96,石梅,化学系
T97,刘瑞婷,化学系
T98,陈萌,化学系
T99,樊惠芝,化学系
T100,张松,化学系
T101,刘宝红,化学系
T102,赵滨,化学系
T103,刘永梅,化学系
T104,匡云艳,化学系
T105,吴剑鸣,化学系
T106,周鸣飞,化学系
T107,刘智攀,化学系
T108,乐英红,化学系
T109,王凤燕,化学系
T110,乔明华,化学系
T111,叶匀分,化学系
T112,牛国兴,化学系
T113,李志铭,化学系
T114,邓春晖,化学系
T115,孟歌,化学系
T116,宋国梁,化学系
T117,徐华龙,化学系
